Assembly_version	Assembly_name	Class	Order	Family	Species	Size	Contigs_n50	Scaffold_n50	assembly_level
aBufBuf.GCA_905171765.1	aBufBuf1.1	Amphibia	Anura	Bufonidae	Bufo bufo	5044744194	3959750	635713434	Chromosome
aBufGar.GCA_014858855.1	ASM1485885v1	Amphibia	Anura	Bufonidae	Bufo gargarizans	4545465442	1738317	539822115	Chromosome
aGeoSer.GCA_902459505.2	aGeoSer1.2	Amphibia	Gymnophiona	Dermophiidae	Geotrypetes seraphini	3779430017	20656571	272612222	Chromosome
aLepLei.GCA_009667805.1	ASM966780v1	Amphibia	Anura	Megophryidae	Leptobrachium leishanense	3549060464	1946319	394693044	Chromosome
aMicUni.GCA_901765095.2	aMicUni1.2	Amphibia	Gymnophiona	Siphonopidae	Microcaecilia unicolor	4685939421	3661507	376147139	Chromosome
aRanTem.GCA_905171775.1	aRanTem1.1	Amphibia	Anura	Ranidae	Rana temporaria	4111422596	6264810	481763206	Chromosome
aRhiBiv.GCA_901001135.2	aRhiBiv1.2	Amphibia	Gymnophiona	Rhinatrematidae	Rhinatrema bivittatum	5319239186	3216284	486875112	Chromosome
aXenLae.GCA_017654675.1	Xenopus_laevis_v10.1	Amphibia	Anura	Pipidae	Xenopus laevis	2742469346	22451507	155250555	Chromosome
aXenTro.GCA_000004195.4	UCB_Xtro_10.0	Amphibia	Anura	Pipidae	Xenopus tropicalis	1451301209	14634335	153961319	Chromosome
bAcaChl.GCA_016904835.1	bAcaChl1.pri	Aves	Passeriformes	Acanthisittidae	Acanthisitta chloris	1077387582	16681756	40827287	Chromosome
bAlcTor.GCA_008658365.1	bAlcTor1 primary	Aves	Charadriiformes	Alcidae	Alca torda	1178492568	18221265	84526827	Chromosome
bAnaPla.GCA_008746955.1	CAU__Wild1.0	Aves	Anseriformes	Anatidae	Anas platyrhynchos	1211992756	11467013	77626585	Chromosome
bApuApu2.GCA_020740795.1 	bApuApu2.pri.cur	Aves	Apodiformes	Apodidae	Apus apus	1100361224	25561769	115508478	Chromosome
bAquChr.GCA_900496995.4	bAquChr1.4	Aves	Accipitriformes	Accipitridae	Aquila chrysaetos	1233704830	21924221	46934974	Chromosome
bAytFul.GCA_009819795.1	bAytFul2.pri	Aves	Anseriformes	Anatidae	Aythya fuligula	1127004725	17816505	85905639	Chromosome
bBalReg.GCA_011004875.1	bBalReg1.pri	Aves	Gruiformes	Gruidae	Balearica regulorum	1221051782	23326060	82577926	Chromosome
bBucAby.GCA_009769605.1	bBucAby1.pri	Aves	Bucerotiformes	Bucorvidae	Bucorvus abyssinicus	1132597561	12039478	40274051	Chromosome
bCalAnn.GCA_003957555.2	bCalAnn1_v1.p	Aves	Apodiformes	Trochilidae	Calypte anna	1059687259	14522327	74081004	Chromosome
bCamPar.GCA_902806625.1	Camarhynchus_parvulus_V1.1	Aves	Passeriformes	Thraupidae	Camarhynchus parvulus	1064016364	15143611	71061686	Chromosome
bCapEur.GCA_907165065.1	bCapEur3.1	Aves	Caprimulgiformes	Caprimulgidae	Caprimulgus europaeus	1177791212	30622946	82614289	Chromosome
bCarCri.GCA_009819825.1	bCarCri1.pri	Aves	Cariamiformes	Cariamidae	Cariama cristata	1215245693	13514148	30176635	Chromosome
bCatUst.GCA_009819885.2	bCatUst1.pri.v2	Aves	Passeriformes	Turdidae	Catharus ustulatus	1131635256	4908935	68462074	Chromosome
bChiLan.GCA_009829145.1	bChiLan1.pri	Aves	Passeriformes	Pipridae	Chiroxiphia lanceolata	1089631598	18496167	75608808	Chromosome
bCicMag.GCA_017639555.1	bCicMag1.pri	Aves	Ciconiiformes	Ciconiidae	Ciconia maguari	1239437416	23757428	85554746	Chromosome
bCorCon.GCA_000738735.5	ASM73873v5	Aves	Passeriformes	Corvidae	Corvus cornix	1030881721	8553235	73732264	Chromosome
bCorHaw1.GCA_020740725.1	bCorHaw1.pri.cur	Aves	Passeriformes	Corvidae	Corvus hawaiiensis	1151594481	23064755	76278832	Chromosome
bCorMoe.GCA_013407035.1	ASM1340703v1	Aves	Passeriformes	Corvidae	Corvus monedula	1035863955	23262489	73777161	Chromosome
bCorMon.GCA_009650955.1	bCorMon1.pri	Aves	Passeriformes	Corvidae	Corvus moneduloides	1112734094	11524098	74699841	Chromosome
bCucCan.GCA_017976375.1	bCucCan1.pri	Aves	Cuculiformes	Cuculidae	Cuculus canorus	1180156273	20797936	78325852	Chromosome
bCygOlo.GCA_009769625.2	bCygOlo1.pri.v2	Aves	Anseriformes	Anatidae	Cygnus olor	1134186642	8308965	81481363	Chromosome
bDigBru.GCA_019023105.1	LSU_DiBr_2.0	Aves	Passeriformes	Thraupidae	Diglossa brunneiventris	1079473785	7273401	67281049	Chromosome
bDroNov.GCA_016128335.1	ZJU1.0	Aves	Casuariiformes	Dromaiidae	Dromaius novaehollandiae	1247468792	14094718	82723677	Chromosome
bEriRub.GCA_903797595.2	bEriRub2.2	Aves	Passeriformes	Muscicapidae	Erithacus rubecula	1086738418	5585877	60684490	Chromosome
bFalNau.GCA_017639655.1	bFalNau1.pat	Aves	Falconiformes	Falconidae	Falco naumanni	1215719661	13754753	91761059	Chromosome
bFalRus.GCA_015220075.1	bFalRus1.pri	Aves	Falconiformes	Falconidae	Falco rusticolus	1195847496	15323486	91094845	Chromosome
bGalGal.GCA_016699485.1	bGalGal1.mat.broiler.GRCg7b	Aves	Galliformes	Phasianidae	Gallus gallus	1053332251	18834961	90861225	Chromosome
bGeoTri.GCA_009764595.1	bGeoTri1.pri	Aves	Passeriformes	Parulidae	Geothlypis trichas	1078128490	3247339	72541719	Chromosome
bGymCal.GCA_018139145.1	ASM1813914v1	Aves	Accipitriformes	Cathartidae	Gymnogyps californianus	1240179868	17075248	85346818	Chromosome
bHemCom1.GCA_020745705.1	bHemCom1.pri.cur	Aves	Apodiformes	Hemiprocnidae	Hemiprocne comata	1164813063	20531774	91346199	Chromosome
bHirRus.GCA_015227805.2	bHirRus1.pri.v2	Aves	Passeriformes	Hirundinidae	Hirundo rustica	1105955550	2794774	76187387	Chromosome
bMelGal.GCA_905368555.1	MGAL_WU_HG_1.0	Aves	Galliformes	Phasianidae	Meleagris gallopavo	1001818376	26554504	70339173	Chromosome
bMelUnd.GCA_012275295.1	bMelUnd1.mat.Z	Aves	Psittaciformes	Psittaculidae	Melopsittacus undulatus	1171617451	16636420	104092594	Chromosome
bMerNub.GCA_009819595.1	bMerNub1.pri	Aves	Coraciiformes	Meropidae	Merops nubicus	1149356202	12372304	49132790	Chromosome
bMolAte.GCA_012460135.1	BPBGC_Mater_1.0	Aves	Passeriformes	Emberizidae	Molothrus ater	1087312585	13273966	52124711	Chromosome
bMotAlb.GCA_015832195.1	Motacilla_alba_V1.0_pri	Aves	Passeriformes	Motacillidae	Motacilla alba	1072670728	8515530	72386170	Chromosome
bMyiMon.GCA_017639245.1	MMon_1.0	Aves	Psittaciformes	Psittacidae	Myiopsitta monachus	1168583304	22647286	75716676	Chromosome
bNycGra.GCA_013368605.1	bNycGra1.pri	Aves	Caprimulgiformes	Nyctibiidae	Nyctibius grandis	1256414880	23231768	92359233	Chromosome
bPhoRub.GCA_009819775.1	bPhoRub2.pri	Aves	Phoenicopteriformes	Phoenicopteridae	Phoenicopterus ruber	1246226932	14700712	85472901	Chromosome
bDryPub.GCA_014839835.1	bDryPub1.pri	Aves	Piciformes	Picidae	Dryobates pubescens	1187956536	19150283	38715865	Chromosome
bPluApr.GCA_017639485.1	bPluApr1.pri	Aves	Charadriiformes	Charadriidae	Pluvialis apricaria	1247767512	15203797	87527607	Chromosome
bPogPus.GCA_015220805.1	bPogPus1.pri	Aves	Piciformes	Lybiidae	Pogoniulus pusillus	1272358903	16792259	33994490	Chromosome
bPorHoc1.GCA_020800305.1 	bPorHoc1.mat.Z.cur	Aves	Gruiformes	Rallidae	Porphyrio hochstetteri 	1270294353	13461271	71566193	Chromosome
bPteGut.GCA_009769525.1	bPteGut1.pri	Aves	Ciconiiformes	Pteroclidae	Pterocles gutturalis	1127422757	12131577	43262132	Chromosome
bSteHir.GCA_009819605.1	bSteHir1.pri	Aves	Charadriiformes	Laridae	Sterna hirundo	1229972541	22002498	85487239	Chromosome
bStrHab.GCA_004027225.2	bStrHab1.2.pri	Aves	Psittaciformes	Psittacidae	Strigops habroptila	1148597545	9454087	83240647	Chromosome
bStrTur.GCA_901699155.2	bStrTur1.2	Aves	Columbiformes	Columbidae	Streptopelia turtur	1178816852	3790373	81365208	Chromosome
bSylAtr.GCA_009819655.1	bSylAtr1.pri	Aves	Passeriformes	Sylviidae	Sylvia atricapilla	1066786587	7345957	72978054	Chromosome
bSylBor.GCA_014839755.1	bSylBor1.pri	Aves	Passeriformes	Sylviidae	Sylvia borin	1045652180	31914676	72750092	Chromosome
bTaeGut.GCA_003957565.4	bTaeGut1.4.pri	Aves	Passeriformes	Estrildidae	Taeniopygia guttata	1056271262	8964551	70982421	Chromosome
bTauEry.GCA_009769465.1	bTauEry1.pri	Aves	Musophagiformes	Musophagidae	Tauraco erythrolophus	1252271553	11927027	85562082	Chromosome
bTheCae1.GCA_020745775.1	bTheCae1.pri.cur	Aves	Pelecaniformes	Threskiornithidae	Theristicus caerulescens 	1203372763	37098842	101368359	Chromosome
bTroSur1.GCA_020746105.1	bTroSur1.pri.cur	Aves	Trogoniformes	Trogonidae	Trogon surrucura	1165749515	16237294	82617956	Chromosome
fAcaLat.GCA_904848185.1	fAcaLat1.1	Actinopteri	Spariformes	Sparidae	Acanthopagrus latus	685144197	14,880,455	30717905	Chromosome
fAloAlo.GCA_017589495.1	AALO_Geno_1.0	Actinopterygii	Clupeiformes	Clupeidae	Alosa alosa	854597291	1188980	35353468	Chromosome
fAloSap.GCA_018492685.1	fAloSap1.pri	Actinopteri	Clupeiformes	Clupeidae	Alosa sapidissima	903581644	1,565,278	38440066	Chromosome
fAmeMel.GCA_012411365.1	AMELA_1.0	Actinopteri	Siluriformes	Ictaluridae	Ameiurus melas	868496679	7,408,031	32284220	Chromosome
fAmpCit.GCA_013435755.1	ASM1343575v1	Actinopteri	Cichliformes	Cichlidae	Amphilophus citrinellus	961230971	3,839,513	37146573	Chromosome
fAmpPec.GCA_003047355.2	Nemo_v1.1	Actinopteri	None	Pomacentridae	Amphiprion percula	908955932	3,123,421	38416550	Chromosome
fAnaAna.GCA_014839685.1	fAnaAna1.pri	Actinopteri	Cyprinodontiformes	Anablepidae	Anableps anableps	867632993	17,460,000	39321252	Chromosome
fAnaTes.GCA_900324465.3	fAnaTes1.3	Actinopteri	Anabantiformes	Anabantidae	Anabas testudineus	555658509	7,055,436	25063394	Chromosome
fAngAng.GCA_013347855.1	fAngAng1.pri	Actinopterygii	Anguilliformes	Anguillidae	Anguilla anguilla	979045926	5114673	57205429	Chromosome
fAngRos.GCA_018555375.1	ASM1855537v1	Actinopteri	Anguilliformes	Anguillidae	Anguilla rostrata	975437971	5,018,377	56608776	Chromosome
fAntMac.GCA_013358685.1	fAntMac1.pri	Actinopteri	Lophiiformes	Antennariidae	Antennarius maculatus	549949511	10,114,706	22928215	Chromosome
fArcCen.GCA_007364275.2	fArcCen1	Actinopteri	Cichliformes	Cichlidae	Archocentrus centrarchus	932930362	2,146,538	35590001	Chromosome
fAstCal.GCA_900246225.5	fAstCal1.3	Actinopteri	Cichliformes	Cichlidae	Astatotilapia calliptera	880445568	4,438,245	38669361	Chromosome
fAstMex.GCA_000372685.2	Astyanax_mexicanus-2.0	Actinopteri	Characiformes	Characidae	Astyanax mexicanus	1335239194	1,767,240	35377769	Chromosome
fBeaKwe.GCA_019155185.1	ASM1915518v1	Actinopteri	Cypriniformes	Gastromyzontidae	Beaufortia kweichowensis	448565924	5,533,578	17950327	Chromosome
fBetSpl.GCA_900634795.3	fBetSpl5.3	Actinopteri	Anabantiformes	Osphronemidae	Betta splendens	441388503	2,497,747	20129463	Chromosome
fChaArg.GCA_018997905.1	ASM1899790v1	Actinopteri	Anabantiformes	Channidae	Channa argus	623704440	13,290,021	28029688	Chromosome
fChaCha.GCA_902362185.1	fChaCha1.1	Actinopteri	Gonorynchiformes	Chanidae	Chanos chanos	656929047	23,134,051	50300218	Chromosome
fCheRos.GCA_017976325.1	fCheRos1.pri	Actinopteri	Chaetodontiformes	Chaetodontidae	Chelmon rostratus	644208431	16,959,746	27778429	Chromosome
fCheUnd.GCA_018320785.1	ASM1832078v1	Actinopteri	Labriformes	Labridae	Cheilinus undulatus	1173472134	16,477,222	51466935	Chromosome
fCluHar.GCA_900700415.2	Ch_v2.0.2	Actinopterygii	Clupeiformes	Clupeidae	Clupea harengus	786308905	1006413	29845739	Chromosome
fColLuc.GCA_004119915.2	ASM411991v2	Actinopteri	None	Sciaenidae	Collichthys lucidus	877615421	1,098,566	35919243	Chromosome
fCorClp.GCA_018398675.1	ASM1839867v1	Actinopteri	Salmoniformes	Salmonidae	Coregonus clupeaformis	2682612311	5,728,271	57494107	Chromosome
fCotGob.GCA_900634415.1	fCotGob3.1	Actinopteri	Perciformes	Bovichtidae	Cottoperca gobio	609391784	6,330,900	25156145	Chromosome
fCroAlt.GCA_013133815.1	SYSU_Calt_1.1	Actinopteri	Perciformes	Serranidae	Cromileptes altivelis	1013370389	18,269,829	43466551	Chromosome
fCycLum.GCA_009769545.1	fCycLum1.pri	Actinopterygii	Scorpaeniformes	Cyclopteridae	Cyclopterus lumpus	572885595	4950682	23863342	Chromosome
fCypCar.GCA_018340385.1	ASM1834038v1	Actinopterygii	Cypriniformes	Cyprinidae	Cyprinus carpio	1680184848	1558716	29545497	Chromosome
fDanAes.GCA_903798145.1	fDanAes4.1	Actinopteri	Cypriniformes	Danionidae	Danio aesculapii	1381485597	1,517,104	55996547	Chromosome
fDanKya.GCA_903798195.1	fDanKya3.1	Actinopteri	Cypriniformes	Danionidae	Danio kyathit	1708446541	1,264,270	64228523	Chromosome
fDenClu.GCA_900700375.2	fDenClu1.2	Actinopteri	Clupeiformes	Denticipitidae	Denticeps clupeoides	567417970	3,059,612	22793177	Chromosome
fEchNau.GCA_900963305.2	fEcheNa1.2	Actinopteri	Carangiformes	Echeneidae	Echeneis naucrates	544229243	12,371,513	23287306	Chromosome
fEleEle.GCA_013358815.1	fEleEle1.pri	Actinopteri	Gymnotiformes	Gymnotidae	Electrophorus electricus	589358956	7,062,559	25664172	Chromosome
fEpiFuc.GCA_011397635.1	E.fuscoguttatus.final_Chr_v1	Actinopteri	Perciformes	Serranidae	Epinephelus fuscoguttatus	1046995804	13,857,438	44419306	Chromosome
fErpCal.GCA_900747795.4	fErpCal1.3	Cladistia	Polypteriformes	Polypteridae	Erpetoichthys calabaricus	3613551089	6772339	217689105	Chromosome
fEsoLuc.GCA_004634155.1	Eluc_v4	Actinopterygii	Esociformes	Esocidae	Esox lucius	940906975	3396779	37550661	Chromosome
fEsoLuc.GCA_011004845.1	fEsoLuc1.pri	Actinopterygii	Esociformes	Esocidae	Esox lucius	918748614	22630263	37473588	Chromosome
fGadMor.GCA_902167405.1	gadMor3.0	Actinopterygii	Gadiformes	Gadidae	Gadus morhua	669966409	1015663	28732775	Chromosome
fGobRar.GCA_018491645.1	ASM1849164v1	Actinopteri	Cypriniformes	Gobionidae	Gobiocypris rarus	959117570	5,333,633	36586440	Chromosome
fGouWil.GCA_900634775.2	fGouWil2.2	Actinopteri	Blenniiformes	Gobiesocidae	Gouania willdenowi	937169869	1,838,341	38978045	Chromosome
fHemWyc.GCA_019097595.1	SWU_Hwy_1.0	Actinopteri	Siluriformes	Bagridae	Hemibagrus wyckioides	789799567	21,700,000	26010843	Chromosome
fHetNil.GCA_018136845.1	ASM1813684v1	Actinopteri	Osteoglossiformes	Osteoglossidae	Heterotis niloticus	670838590	4,571,806	32427226	Chromosome
fHipAbd.GCA_018466805.1	ZJU1.0	Actinopteri	Syngnathiformes	Syngnathidae	Hippocampus abdominalis	444667964	8410403	21766359	Chromosome
fHipHip.GCA_009819705.1	fHipHip1.pri	Actinopterygii	Pleuronectiformes	Pleuronectidae	Hippoglossus hippoglossus	596792615	7020318	26312018	Chromosome
fHipSte.GCA_013339905.1	IPHC_HiSten_1.0	Actinopteri	Pleuronectiformes	Pleuronectidae	Hippoglossus stenolepis	594145200	17,826,919	24985257	Chromosome
fIctPun.GCA_004006655.3	ASM400665v3	Actinopteri	Siluriformes	Ictaluridae	Ictalurus punctatus	1036985268	1,694,657	26315040	Chromosome
fIstPla.GCA_016859345.1	ASM1685934v1	Actinopterygii	Perciformes	Istiophoridae	Istiophorus platypterus	614147335	11851605	26283175	Chromosome
fLarCro.GCA_003711585.2	ASM371158v2	Actinopteri	None	Sciaenidae	Larimichthys crocea	744270469	1,327,071	29200035	Chromosome
fMasArm.GCA_900324485.3	fMasArm1.3	Actinopteri	Synbranchiformes	Mastacembelidae	Mastacembelus armatus	591951591	8014513	25090313	Chromosome
fMayZeb.GCA_000238955.5	M_zebra_UMD2a	Actinopteri	Cichliformes	Cichlidae	Maylandia zebra	957485262	1,407,748	32660920	Chromosome
fMegAmb.GCA_018812025.1	ASM1881202v1	Actinopteri	Cypriniformes	Xenocyprididae	Megalobrama amblycephala	1109871993	2,576,066	42265598	Chromosome
fMegAtl.GCA_019176425.1	MATL_1.0	Actinopteri	Elopiformes	Megalopidae	Megalops atlanticus	990029801	17,756,893	39402000	Chromosome
fMegCyp.GCA_013368585.1	fMegCyp1.pri	Actinopteri	Elopiformes	Megalopidae	Megalops cyprinoides	959258046	26,850,664	38251172	Chromosome
fMelBoe.GCA_017639745.1	fMelBoe1.pri	Actinopteri	Atheriniformes	Melanotaeniidae	Melanotaenia boesemani	865592457	9,299,978	37878235	Chromosome
fMyrMur.GCA_902150065.1	fMyrMur1.1	Actinopteri	Holocentriformes	Holocentridae	Myripristis murdjan	835254674	14,475,636	34950760	Chromosome
fNeoBic.GCA_902685375.1	fNeoBic2.1	Actinopteri	Atheriniformes	Phallostethidae	Neostethus bicornis	778440790	23,089,617	29119677	Chromosome
fNibAlb.GCA_014281875.1	ASM1428187v1	Actinopteri	None	Sciaenidae	Nibea albiflora	627578634	4,420,150	25433336	Chromosome
fNotCel.GCA_009762535.1	fNotCel1.pri	Actinopteri	Labriformes	Labridae	Notolabrus celidotus	846744125	3,748,462	37090664	Chromosome
fOncKis.GCA_002021735.2	Okis_V2	Actinopteri	Salmoniformes	Salmonidae	Oncorhynchus kisutch	2375911593	1,159,298	68265700	Chromosome
fOncMyk.GCA_013265735.3	USDA_OmykA_1.1	Actinopteri	Salmoniformes	Salmonidae	Oncorhynchus mykiss	2341688614	15,579,713	39165350	Chromosome
fOnyMac.GCA_012432095.1	ASM1243209v1	Actinopteri	Cypriniformes	Cyprinidae	Onychostoma macrolepis	886569841	10,809,623	34067727	Chromosome
fOreAur.GCA_016625535.1	ASM1662553v1	Actinopteri	Cichliformes	Cichlidae	Oreochromis aureus	1237756756	2,259,908	43135741	Chromosome
fOreNil.GCA_013350305.1	XX_nile	Actinopteri	Cichliformes	Cichlidae	Oreochromis niloticus	993468885	2,478,287	40346024	Chromosome
fOryJav.GCA_003999625.1	OJAV_1.1	Actinopteri	Beloniformes	Adrianichthyidae	Oryzias javanicus	809679899	3,558,013	35390520	Chromosome
fOryLat.GCA_002234675.1	ASM223467v1	Actinopteri	Beloniformes	Adrianichthyidae	Oryzias latipes	734057086	2,530,934	31218526	Chromosome
fPanHyp.GCA_016801045.1	ASM1680104v1	Actinopteri	Siluriformes	Pangasiidae	Pangasianodon hypophthalmus	742562378	3,478,581	29528124	Chromosome
fPaoPal.GCA_015343265.1	ASM1534326v1	Actinopteri	Tetraodontiformes	Tetraodontidae	Pao palembangensis	356041988	3269158	15808960	Chromosome
fParGui.GCA_018749465.1	ASM1874946v1	Actinopteri	Cypriniformes	Gobionidae	Paracanthobrama guichenoti	1087759805	1,965,784	38753313	Chromosome
fParRan.GCA_900634625.2	fParRan2.2	Actinopteri	None	Ambassidae	Parambassis ranga	551029983	5,080,925	22993012	Chromosome
fPerFla.GCA_004354835.1	PFLA_1.0	Actinopteri	Perciformes	Percidae	Perca flavescens	877456336	4,268,950	37412490	Chromosome
fPerFlu.GCA_010015445.1	GENO_Pfluv_1.0	Actinopterygii	Perciformes	Percidae	Perca fluviatilis	951345774	4197643	39550354	Chromosome
fPerMag.GCA_009829125.1	fPerMag1.pri	Actinopteri	Gobiiformes	Gobiidae	Periophthalmus magnuspinnatus	752621858	2,301,275	32865169	Chromosome
fPhoGun.GCA_910591455.1	fPhoGun1.1	Actinopterygii	Perciformes	Pholidae	Pholis gunnellus	588730976	3519450	25364761	Chromosome
fPleLeo.GCA_011397275.1	Pleo_1.0	Actinopteri	Perciformes	Serranidae	Plectropomus leopardus	787600493	1,139,749	34616500	Chromosome
fPoeFor.GCA_013036085.2	Poecilia_formosa_haplotype_mexicana	Actinopteri	Cyprinodontiformes	Poeciliidae	Poecilia formosa	745326098	1,886,383	30631712	Chromosome
fPoeRei.GCA_904066995.1	PRET-male-REFERENCE	Actinopteri	Cyprinodontiformes	Poeciliidae	Poecilia reticulata	697709266	8,200,425	32826315	Chromosome
fPolSen.GCA_016835505.1	ASM1683550v1	Cladistia	Polypteriformes	Polypteridae	Polypterus senegalus	3673880163	4528139	189689183	Chromosome
fPolSex.GCA_016801845.1	ASM1680184v1	Actinopteri	None	Polynemidae	Polydactylus sextarius	564623279	18,418,211	22256062	Chromosome
fPolSpa.GCA_017654505.1	ASM1765450v1	Actinopteri	Acipenseriformes	Polyodontidae	Polyodon spathula	1542083420	3441286	48906729	Chromosome
fPunTet.GCA_018831695.1	ASM1883169v1	Actinopteri	Cypriniformes	Cyprinidae	Puntigrus tetrazona	730818387	1,423,374	25085836	Chromosome
fPygNat.GCA_015220715.1	fPygNat1.pri	Actinopteri	Characiformes	Serrasalmidae	Pygocentrus nattereri	1222050449	12,898,870	42283192	Chromosome
fReiHip.GCA_006182925.3	UL_REHI_2.0	Actinopterygii	Pleuronectiformes	Pleuronectidae	Reinhardtius hippoglossoides	598525361	3108829	25015410	Chromosome
fSalFas.GCA_902148845.1	fSalaFa1.1	Actinopteri	Blenniiformes	Blenniidae	Salarias fasciatus	797507141	2,597,836	32729575	Chromosome
fSalNam.GCA_016432855.1	SaNama_1.0	Actinopteri	Salmoniformes	Salmonidae	Salvelinus namaycush	2345513378	1,804,090	44976251	Chromosome
fSalSal.GCA_905237065.2	Ssal_v3.1	Actinopterygii	Salmoniformes	Salmonidae	Salmo salar	2756584103	28058890	28058890	Chromosome
fSalTru.GCA_901001165.2	fSalTru1.2	Actinopterygii	Salmoniformes	Salmonidae	Salmo trutta	2371880186	1703178	52209666	Chromosome
fSanLuc.GCA_008315115.2	SLUC_FBN_1.2	Actinopteri	Perciformes	Percidae	Sander lucioperca	901238333	6,663,498	41060379	Chromosome
fSclFor.GCA_900964775.1	fSclFor1.1	Actinopteri	Osteoglossiformes	Osteoglossidae	Scleropages formosus	784563014	9,102,216	31084684	Chromosome
fScoMax.GCA_013347765.1	ASM1334776v1	Actinopterygii	Pleuronectiformes	Scophthalmidae	Scophthalmus maximus	556696898	20466349	25949660	Chromosome
fSebUmb.GCA_015220745.1	fSebUmb1.pri	Actinopteri	Perciformes	Sebastidae	Sebastes umbrosus	800904020	11,445,908	34912176	Chromosome
fSilMer.GCA_014805685.1	ASM1480568v1	Actinopteri	Siluriformes	Siluridae	Silurus meridionalis	742579920	13,195,069	28049309	Chromosome
fSinChu.GCA_011952085.1	sinChu7	Actinopteri	Centrarchiformes	Sinipercidae	Siniperca chuatsi	755045244	12,191,788	30508166	Chromosome
fSolSen.GCA_019176455.1	IFAPA_SoseM_1	Actinopterygii	Pleuronectiformes	Soleidae	Solea senegalensis	603518608	1188264	26091242	Chromosome
fSpaAur.GCA_900880675.2	fSpaAur1.2	Actinopterygii	Perciformes	Sparidae	Sparus aurata	833595063	2862625	35791275	Chromosome
fSphOrb.GCA_902148855.1	fSphaOr1.1	Actinopteri	Kurtiformes	Apogonidae	Sphaeramia orbicularis	1342662642	2,360,121	57165184	Chromosome
fSynAcu.GCA_901709675.2	fSynAcu1.2	Actinopterygii	Syngnathiformes	Syngnathidae	Syngnathus acus	324331233	11959915	14974571	Chromosome
fTakBim.GCA_004026145.2	XU_Tbim_1.0	Actinopteri	Tetraodontiformes	Tetraodontidae	Takifugu bimaculatus	404311738	1312995	16785490	Chromosome
fTakFla.GCA_003711565.2	ASM371156v2	Actinopteri	Tetraodontiformes	Tetraodontidae	Takifugu flavidus	366286831	4357567	15676631	Chromosome
fTakRub.GCA_901000725.3	fTakRub1.3	Actinopteri	Tetraodontiformes	Tetraodontidae	Takifugu rubripes	384126663	3136617	16705553	Chromosome
fTauAds1.GCA_020745685.1	fTauAds1.pri.cur	Actinopterygii			Tautogolabrus adspersus	723582185	7919333	31691308	Chromosome
fTauBub.GCA_910589615.1	fTauBub2.1	Actinopterygii	Scorpaeniformes	Cottidae	Taurulus bubalis	615153901	13037006	29138660	Chromosome
fThaAma.GCA_902500255.1	fThaAma1.1	Actinopteri	Batrachoidiformes	Batrachoididae	Thalassophryne amazonica	2446592878	2,329,598	118421481	Chromosome
fThaSep.GCA_009823395.1	ASM982339v1	Actinopteri	Tetraodontiformes	Monacanthidae	Thamnaconus septentrionalis	474309635	22457894	23049015	Chromosome
fThuMac.GCA_910596095.1	fThuMac1.1	Actinopteri	Scombriformes	Scombridae	Thunnus maccoyii	782423979	26,803,536	33761101	Chromosome
fToxCha.GCA_016801885.1	ASM1680188v1	Actinopteri	None	Toxotidae	Toxotes chatareus	618729764	8,430,381	23928265	Chromosome
fToxJac.GCA_017976425.1	fToxJac2.pri	Actinopteri	None	Toxotidae	Toxotes jaculatrix	621503431	15,555,772	26859436	Chromosome
fTraTra.GCA_905171665.1	fTraTra1.1	Actinopterygii	Perciformes	Carangidae	Trachurus trachurus	820163303	6264696	35447499	Chromosome
fTriDal.GCA_015846415.1	ASM1584641v1	Actinopteri	Cypriniformes	Nemacheilidae	Triplophysa dalaica	607923607	9,273,388	23627495	Chromosome
fTriTib.GCA_008369825.1	ASM836982v1	Actinopteri	Cypriniformes	Nemacheilidae	Triplophysa tibetana	652930317	2,833,080	24885746	Chromosome
fVerVar.GCA_013332515.1	ysfri_vvar_1.0	Actinopteri	Pleuronectiformes	Pleuronectidae	Verasper variegatus	545339360	14,452,835	24764384	Chromosome
fXenCan.GCA_014839995.1	fXenCan1.pri	Actinopteri	Beloniformes	Belonidae	Xenentodon cancila	736214936	2,195,850	28679447	Chromosome
fXipCou.GCA_001444195.3	X_couchianus-1.0	Actinopteri	Cyprinodontiformes	Poeciliidae	Xiphophorus couchianus	688541509	15,315,838	30550352	Chromosome
fXipGla.GCA_016859285.1	ASM1685928v1	Actinopterygii	Perciformes	Xiphiidae	Xiphias gladius	691780295	5252707	29220096	Chromosome
fXipHel.GCA_003331165.2	Xiphophorus_hellerii-4.1	Actinopteri	Cyprinodontiformes	Poeciliidae	Xiphophorus hellerii	732906125	7,084,538	32404057	Chromosome
fXipMac.GCA_002775205.2	X_maculatus-5.0-male	Actinopteri	Cyprinodontiformes	Poeciliidae	Xiphophorus maculatus	704321165	9,181,372	31535491	Chromosome
kcLetReis.GCA_015708825.1	ASM1570882v1	Hyperoartia	Petromyzontiformes	Petromyzontidae	Lethenteron reissneri	1063012140	1412731	13487809	Chromosome
kcPetMari.GCA_010993605.1	kPetMar1.pri	Cephalaspidomorphi	Petromyzontiformes	Petromyzontidae	Petromyzon marinus	1089050413	2540784	12997950	Chromosome
kxNeoFors.GCA_016271365.1	neoFor_v3	Dipnoi	Ceratodontiformes	Ceratodontidae	Neoceratodus forsteri	3.46E+10	1402697193	1485207024	Chromosome
kxProAnne.GCA_019279795.1	PAN1.0	Dipnoi	Lepidosireniformes	Protopteridae	Protopterus annectens	4.01E+10	1603140	1974114035	Chromosome
mAcoRus.GCA_903995435.1	mAcoRus1.1	Mammalia	Rodentia	Muridae	Acomys russatus	2301522284	4450755	66475698	Chromosome
mAntFla.GCA_016432865.1	AdamAnt	Mammalia	Dasyuromorphia	Dasyuridae	Antechinus flavipes	3192697873	51843704	636717922	Chromosome
mArvAmp.GCA_903992535.2	mArvAmp1.2	Mammalia	Rodentia	Cricetidae	Arvicola amphibius	2297766297	5392280	158924400	Chromosome
mArvNil.GCA_011762505.1	mArvNil1.pat.X	Mammalia	Rodentia	Muridae	Arvicanthis niloticus	2496761438	11143170	82689117	Chromosome
mBalMus.GCA_009873245.3	mBalMus1.pri.v3	Mammalia	Cetacea	Balaenopteridae	Balaenoptera musculus	2374868943	6315640	110314666	Chromosome
mBosGau.GCA_014182915.1	ARS_UOA_Gaur_1	Mammalia	Artiodactyla	Bovidae	Bos gaurus	2717349581	13340585	104471907	Chromosome
mBosGru.GCA_005887515.2	BosGru3.0	Mammalia	Artiodactyla	Bovidae	Bos grunniens	2832776395	44716738	114386978	Chromosome
mBosTau.GCA_002263795.2	ARS-UCD1.2	Mammalia	Artiodactyla	Bovidae	Bos taurus	2715853792	25896116	103308737	Chromosome
mBubBub.GCA_003121395.1	UOA_WB_1	Mammalia	Artiodactyla	Bovidae	Bubalus bubalis	2655780776	22441509	117219835	Chromosome
mCalJac.GCA_011100555.2	mCalJa1.2.pat.X	Mammalia	None	Cebidae	Callithrix jacchus	2874881015	13222669	136971485	Chromosome
mCamFer.GCA_009834535.1	BCGSAC_Cfer_1.0	Mammalia	Artiodactyla	Camelidae	Camelus ferus	2087093976	5365398	76025729	Chromosome
mCanLup.GCA_011100685.1	UU_Cfam_GSD_1.0	Mammalia	Carnivora	Canidae	Canis lupus familiaris	2,744,463,177	13671004	142230338	Chromosome
mCanLup.GCA_014441545.1	ROS_Cfam_1.0	Mammalia	Carnivora	Canidae	Canis lupus familiaris	2396858295	12024593	64037277	Chromosome
mCapHir.GCA_015443085.1	Saanen_v1	Mammalia	Artiodactyla	Bovidae	Capra hircus	2696218280	46208332	102383509	Chromosome
mChoDid.GCA_015220235.1	mChoDid1.pri	Mammalia	Pilosa	Megalonychidae	Choloepus didactylus	3214702648	20994632	146178362	Chromosome
mCriGri.GCA_003668045.2	CriGri-PICRH-1.0	Mammalia	Rodentia	Cricetidae	Cricetulus griseus	2366634374	2711962	274391693	Chromosome
mDicBic1.GCA_020826845.1	mDicBic1.mat.cur	Mammalia			Diceros bicornis minor				
mEquAsi.GCA_016077325.1	EquAsi1.0	Mammalia	Perissodactyla	Equidae	Equus asinus	2432132968	25075547	98598843	Chromosome
mEquCab.GCA_002863925.1	EquCab3.0	Mammalia	Perissodactyla	Equidae	Equus caballus	2506966135	1502753	87230776	Chromosome
mFelCat.GCA_000181335.4	Felis_catus_9.0	Mammalia	Carnivora	Felidae	Felis catus	2521863845	41915695	83967707	Chromosome
mGirCam.GCA_017591445.1	ASM1759144v1	Mammalia	Artiodactyla	Giraffidae	Giraffa camelopardalis	2441480433	11323477	158234173	Chromosome
mHomSap.GCA_000001405.28	GRCh38.p13	Mammalia	Primates	Hominidae	Homo sapiens	3272089205	57879411	67794873	Chromosome
mHomSap.GCA_009914755.3	CHM13 T2T v1.1	Mammalia	Primates	Hominidae	Homo sapiens	3054832041	T2T	T2T	Chromosome
mHomSap.GCA_016700455.2 	mHomSap3.pat	Mammalia	Primates	Hominidae	Homo sapiens	2744463177	13671004	142230338	Chromosome
mJacJac1.GCA_020740685.1	mJacJac1.mat.Y.cur	Mammalia	Rodentia		Jaculus jaculus	2863848715	22104564	158244790	Chromosome
mLutLut.GCA_902655055.2	mLutLut1.2	Mammalia	Carnivora	Mustelidae	Lutra lutra	2438458878	30403456	149004807	Chromosome
mLynCan.GCA_007474595.2	mLynCan4.pri.v2	Mammalia	Carnivora	Felidae	Lynx canadensis	2407810255	7503561	147275701	Chromosome
mMacMul.GCA_003339765.3	Mmul_10	Mammalia	None	Cercopithecidae	Macaca mulatta	2971331530	46608966	82346004	Chromosome
mMusErm.GCA_009829155.1	mMusErm1.Pri	Mammalia	Carnivora	Mustelidae	Mustela erminea	2445217270	36329944	130149454	Chromosome
mMusMuc.GCA_000001635.9	GRCm39	Mammalia	Rodentia	Muridae	Mus musculus	2728222451	59462871	106145001	Chromosome
mOnyTor.GCA_903995425.1	mOncTor1.1	Mammalia	Rodentia	Cricetidae	Onychomys torridus	2468394440	2276141	112723509	Chromosome
mOrnAna.GCA_004115215.4	mOrnAna1.pri.v4	Mammalia	Monotremata	Ornithorhynchidae	Ornithorhynchus anatinus	1859281927	15146802	83338043	Chromosome
mOryCun.GCA_013371645.1	OryCun3.0	Mammalia	Lagomorpha	Leporidae	Oryctolagus cuniculus	2780373160	1879078	140390130	Chromosome
mOviAri.GCA_002742125.1	Oar_rambouillet_v1.0	Mammalia	Artiodactyla	Bovidae	Ovis aries	2869914396	2572683	107697089	Chromosome
mOviOri.GCA_014523465.1	CAU_Oori_1.0	Mammalia	Artiodactyla	Bovidae	Ovis orientalis	2652567896	42163491	103690580	Chromosome
mPanLeo.GCA_018350215.1	P.leo_Ple1_pat1.1	Mammalia	Carnivora	Felidae	Panthera leo	2297552363	77781637	147402474	Chromosome
mPanPan.GCA_013052645.3	Mhudiblu_PPA_v2	Mammalia	None	Hominidae	Pan paniscus	3203531224	15060308	53386619	Chromosome
mPanTig.GCA_018350195.2	P.tigris_Pti1_mat1.1	Mammalia	Carnivora	Felidae	Panthera tigris	2408678698	74391967	146942463	Chromosome
mPanTro.GCA_002880755.3	Clint_PTRv2	Mammalia	None	Hominidae	Pan troglodytes	3050398082	12268567	53103722	Chromosome
mPapAnu.GCA_008728515.1	Panubis1.0	Mammalia	None	Cercopithecidae	Papio anubis	2869821163	1464978	140274886	Chromosome
mPerLeu.GCA_004664715.2	UCI_PerLeu_2.1	Mammalia	Rodentia	Cricetidae	Peromyscus leucopus	2475180836	3487364	114273790	Chromosome
mPhaAfr.GCA_016906955.1	ROS_Pafr_v1	Mammalia	Artiodactyla	Suidae	Phacochoerus africanus	2435099834	10602503	141887063	Chromosome
mPhoSin.GCA_008692025.1	mPhoSin1.pri	Mammalia	Artiodactyla	Phocoenidae	Phocoena sinus	2371524154	20218762	115469292	Chromosome
mPhyDis.GCA_004126475.3	mPhyDis1.pri.v3	Mammalia	Chiroptera	Phyllostomidae	Phyllostomus discolor	2108832841	6892556	171742863	Chromosome
mPipPip.GCA_903992545.1	mPipPip1.1	Mammalia	Chiroptera	Vespertilionidae	Pipistrellus pipistrellus	1763439233	4446752	94929986	Chromosome
mPonAbe.GCA_002880775.3	Susie_PABv2	Mammalia	None	Hominidae	Pongo abelii	3065052215	11074009	98475126	Chromosome
mRatNor.GCA_015227675.2	mRatBN7.2	Mammalia	Rodentia	Muridae	Rattus norvegicus	2647915728	29198295	135012528	Chromosome
mRatRat.GCA_011064425.1	Rrattus_CSIRO_v1	Mammalia	Rodentia	Muridae	Rattus rattus	2382787281	1635336	158824752	Chromosome
mRhiFer.GCA_004115265.3	mRhiFer1_v1.p	Mammalia	Chiroptera	Rhinolophidae	Rhinolophus ferrumequinum	2075785400	31900497	88025743	Chromosome
mRhiRox.GCA_007565055.1	ASM756505v1	Mammalia	None	Cercopithecidae	Rhinopithecus roxellana	3038477066	5723610	144559847	Chromosome
mRhiSin1.GCA_020740635.1	mRhiSin1.pri.cur	Mammalia			Rhinolophus sinicus 	2338923724	34562834	185549907	Chromosome
mSarHar.GCA_902635505.1	mSarHar1.11	Mammalia	Dasyuromorphia	Dasyuridae	Sarcophilus harrisii	3086674442	62339597	611347268	Chromosome
mSciCar.GCA_902686445.2	mSciCar1.2	Mammalia	Rodentia	Sciuridae	Sciurus carolinensis	2815413801	13975867	148229995	Chromosome
mSciVul.GCA_902686455.2	mSciVul1.2	Mammalia	Rodentia	Sciuridae	Sciurus vulgaris	2878607543	16333633	153872958	Chromosome
mSusScr.GCA_000003025.6	Sscrofa11.1	Mammalia	Artiodactyla	Suidae	Sus scrofa	2501912388	48231277	88231837	Chromosome
mTacAcu.GCA_015852505.1	mTacAcu1.pri	Mammalia	Monotremata	Tachyglossidae	Tachyglossus aculeatus	2213004214	19859057	63379719	Chromosome
mTriVul.GCA_011100635.1	mTriVul1.pri	Mammalia	Diprotodontia	Phalangeridae	Trichosurus vulpecula	3359347707	4314688	442560073	Chromosome
mTurTru.GCA_011762595.1	mTurTru1.mat.Y	Mammalia	Cetacea	Delphinidae	Tursiops truncatus	2378522213	9729386	108430135	Chromosome
mVulLag.GCA_018345385.1	ASM1834538v1	Mammalia	Carnivora	Canidae	Vulpes lagopus	2345550353	33460300	131537142	Chromosome
mZalCal.GCA_009762305.2	mZalCal1.pri.v2	Mammalia	Carnivora	Otariidae	Zalophus californianus	2409685272	32626160	147124152	Chromosome
rCheMyd.GCA_015237465.2	rCheMyd1.pri.v2	Reptilia	Testudines	Cheloniidae	Chelonia mydas	2134358617	39415510	134428053	Chromosome
rDerCor.GCA_009764565.4	rDerCor1.pri.v4	Reptilia	Testudines	Dermochelyidae	Dermochelys coriacea	2164762090	7029801	137568771	Chromosome
rGopEvg.GCA_007399415.1	rGopEvg1_v1.p	Reptilia	Testudines	Testudinidae	Gopherus evgoodei	2298564209	13026736	147425149	Chromosome
rLacAgi.GCA_009819535.1	rLacAgi1.pri	Reptilia	Squamata	Lacertidae	Lacerta agilis	1391404169	6613248	86565987	Chromosome
rMauRee.GCA_016161935.1	ASM1616193v1	None	Testudines	Geoemydidae	Mauremys reevesii	2367607229	33352699	130473029	Chromosome
rThaEle.GCA_009769535.1	rThaEle1.pri	Lepidosauria	Squamata	Colubridae	Thamnophis elegans	1672190305	4620601	100851885	Chromosome
sAmbRad.GCA_010909765.2	sAmbRad1.1.pri	Elasmobranchii	Rajiformes	Rajidae	Amblyraja radiata	2558784953	1462921	62052929	Chromosome
sCarCar.GCA_017639515.1	sCarCar2.pri	Elasmobranchii	Lamniformes	Lamnidae	Carcharodon carcharias	4286311191	6544962	169918123	Chromosome
sHemOce1.GCA_020745735.1	sHemOce1.pat.X.cur				Hemiscyllium ocellatum	3,983,483,121	8845575	83580160	Chromosome
sPriPec.GCA_009764475.2	sPriPec2.1.pri	Chondrichthyes	Pristiformes/Rhiniformes group	Pristidae	Pristis pectinata	2267857790	17009522	101699621	Chromosome
sScyCan.GCA_902713615.2	sScyCan1.2	Elasmobranchii	Carcharhiniformes	Scyliorhinidae	Scyliorhinus canicula	4220389930	1862211	198790641	Chromosome
